company_id,total_pros,total_cons,signal_balance,signal_class,leverage_class,growth_class,cashflow_signal,overall_class,recommendation_score,investment_score,recommendation,risk_level,investment_priority,recommendation_reason
LTIM,11,4,7,Strong Positive,Low Leverage,High Growth,Positive Cash Flow Signals,Strong Positive,13,100.0,BUY,Low Risk,High Priority,Strong overall investment signals; Strong financial signal balance; Low leverage; High growth; Positive cash-flow signals
BPCL,13,2,11,Strong Positive,Low Leverage,Moderate Growth,Positive Cash Flow Signals,Strong Positive,12,95.83,BUY,Low Risk,High Priority,Strong overall investment signals; Strong financial signal balance; Low leverage; Moderate growth; Positive cash-flow signals
SUNPHARMA,13,4,9,Strong Positive,Low Leverage,Moderate Growth,Positive Cash Flow Signals,Strong Positive,12,95.83,BUY,Low Risk,High Priority,Strong overall investment signals; Strong financial signal balance; Low leverage; Moderate growth; Positive cash-flow signals
BOSCHLTD,12,4,8,Strong Positive,Low Leverage,Moderate Growth,Positive Cash Flow Signals,Strong Positive,12,95.83,BUY,Low Risk,High Priority,Strong overall investment signals; Strong financial signal balance; Low leverage; Moderate growth; Positive cash-flow signals
DRREDDY,12,4,8,Strong Positive,Low Leverage,Moderate Growth,Positive Cash Flow Signals,Strong Positive,12,95.83,BUY,Low Risk,High Priority,Strong overall investment signals; Strong financial signal balance; Low leverage; Moderate growth; Positive cash-flow signals
HINDALCO,12,5,7,Strong Positive,Low Leverage,Moderate Growth,Positive Cash Flow Signals,Strong Positive,12,95.83,BUY,Low Risk,High Priority,Strong overall investment signals; Strong financial signal balance; Low leverage; Moderate growth; Positive cash-flow signals
COALINDIA,11,4,7,Strong Positive,Low Leverage,Moderate Growth,Positive Cash Flow Signals,Strong Positive,12,95.83,BUY,Low Risk,High Priority,Strong overall investment signals; Strong financial signal balance; Low leverage; Moderate growth; Positive cash-flow signals
HCLTECH,10,3,7,Strong Positive,Low Leverage,Moderate Growth,Positive Cash Flow Signals,Strong Positive,12,95.83,BUY,Low Risk,High Priority,Strong overall investment signals; Strong financial signal balance; Low leverage; Moderate growth; Positive cash-flow signals
MOTHERSON,10,3,7,Strong Positive,Low Leverage,Moderate Growth,Positive Cash Flow Signals,Strong Positive,12,95.83,BUY,Low Risk,High Priority,Strong overall investment signals; Strong financial signal balance; Low leverage; Moderate growth; Positive cash-flow signals
MARUTI,11,5,6,Strong Positive,Low Leverage,Moderate Growth,Positive Cash Flow Signals,Strong Positive,12,95.83,BUY,Low Risk,High Priority,Strong overall investment signals; Strong financial signal balance; Low leverage; Moderate growth; Positive cash-flow signals
TATACONSUM,11,5,6,Strong Positive,Low Leverage,Moderate Growth,Positive Cash Flow Signals,Strong Positive,12,95.83,BUY,Low Risk,High Priority,Strong overall investment signals; Strong financial signal balance; Low leverage; Moderate growth; Positive cash-flow signals
TORNTPHARM,11,5,6,Strong Positive,Low Leverage,Moderate Growth,Positive Cash Flow Signals,Strong Positive,12,95.83,BUY,Low Risk,High Priority,Strong overall investment signals; Strong financial signal balance; Low leverage; Moderate growth; Positive cash-flow signals
APOLLOHOSP,10,4,6,Strong Positive,Low Leverage,Moderate Growth,Positive Cash Flow Signals,Strong Positive,12,95.83,BUY,Low Risk,High Priority,Strong overall investment signals; Strong financial signal balance; Low leverage; Moderate growth; Positive cash-flow signals
ONGC,10,4,6,Strong Positive,Low Leverage,Moderate Growth,Positive Cash Flow Signals,Strong Positive,12,95.83,BUY,Low Risk,High Priority,Strong overall investment signals; Strong financial signal balance; Low leverage; Moderate growth; Positive cash-flow signals
ASIANPAINT,9,3,6,Strong Positive,Low Leverage,Moderate Growth,Positive Cash Flow Signals,Strong Positive,12,95.83,BUY,Low Risk,High Priority,Strong overall investment signals; Strong financial signal balance; Low leverage; Moderate growth; Positive cash-flow signals
ABB,11,6,5,Strong Positive,Low Leverage,Moderate Growth,Positive Cash Flow Signals,Strong Positive,12,95.83,BUY,Low Risk,High Priority,Strong overall investment signals; Strong financial signal balance; Low leverage; Moderate growth; Positive cash-flow signals
ADANIPOWER,10,5,5,Strong Positive,Low Leverage,Moderate Growth,Positive Cash Flow Signals,Strong Positive,12,95.83,BUY,Low Risk,High Priority,Strong overall investment signals; Strong financial signal balance; Low leverage; Moderate growth; Positive cash-flow signals
BAJAJ-AUTO,9,4,5,Strong Positive,Low Leverage,Moderate Growth,Positive Cash Flow Signals,Strong Positive,12,95.83,BUY,Low Risk,High Priority,Strong overall investment signals; Strong financial signal balance; Low leverage; Moderate growth; Positive cash-flow signals
ITC,11,3,8,Strong Positive,Low Leverage,Mixed Growth,Positive Cash Flow Signals,Strong Positive,11,91.67,BUY,Low Risk,High Priority,Strong overall investment signals; Strong financial signal balance; Low leverage; Positive cash-flow signals
NESTLEIND,11,3,8,Strong Positive,Low Leverage,Mixed Growth,Positive Cash Flow Signals,Strong Positive,11,91.67,BUY,Low Risk,High Priority,Strong overall investment signals; Strong financial signal balance; Low leverage; Positive cash-flow signals
HINDUNILVR,11,4,7,Strong Positive,Low Leverage,Mixed Growth,Positive Cash Flow Signals,Strong Positive,11,91.67,BUY,Low Risk,High Priority,Strong overall investment signals; Strong financial signal balance; Low leverage; Positive cash-flow signals
IOC,10,3,7,Strong Positive,Low Leverage,Mixed Growth,Positive Cash Flow Signals,Strong Positive,11,91.67,BUY,Low Risk,High Priority,Strong overall investment signals; Strong financial signal balance; Low leverage; Positive cash-flow signals
HEROMOTOCO,10,4,6,Strong Positive,Low Leverage,Mixed Growth,Positive Cash Flow Signals,Strong Positive,11,91.67,BUY,Low Risk,High Priority,Strong overall investment signals; Strong financial signal balance; Low leverage; Positive cash-flow signals
TCS,9,3,6,Strong Positive,Low Leverage,Mixed Growth,Positive Cash Flow Signals,Strong Positive,11,91.67,BUY,Low Risk,High Priority,Strong overall investment signals; Strong financial signal balance; Low leverage; Positive cash-flow signals
TECHM,9,3,6,Strong Positive,Low Leverage,Mixed Growth,Positive Cash Flow Signals,Strong Positive,11,91.67,BUY,Low Risk,High Priority,Strong overall investment signals; Strong financial signal balance; Low leverage; Positive cash-flow signals
ICICIGI,11,6,5,Strong Positive,Low Leverage,High Growth,Balanced Cash Flow Signals,Strong Positive,11,91.67,BUY,Low Risk,High Priority,Strong overall investment signals; Strong financial signal balance; Low leverage; High growth
BRITANNIA,10,5,5,Strong Positive,Low Leverage,Mixed Growth,Positive Cash Flow Signals,Strong Positive,11,91.67,BUY,Low Risk,High Priority,Strong overall investment signals; Strong financial signal balance; Low leverage; Positive cash-flow signals
DIVISLAB,9,4,5,Strong Positive,Low Leverage,Mixed Growth,Positive Cash Flow Signals,Strong Positive,11,91.67,BUY,Low Risk,High Priority,Strong overall investment signals; Strong financial signal balance; Low leverage; Positive cash-flow signals
DABUR,8,3,5,Strong Positive,Low Leverage,Mixed Growth,Positive Cash Flow Signals,Strong Positive,11,91.67,BUY,Low Risk,High Priority,Strong overall investment signals; Strong financial signal balance; Low leverage; Positive cash-flow signals
CIPLA,12,5,7,Strong Positive,Low Leverage,Moderate Growth,Balanced Cash Flow Signals,Strong Positive,10,87.5,BUY,Low Risk,High Priority,Strong overall investment signals; Strong financial signal balance; Low leverage; Moderate growth
IRCTC,11,5,6,Strong Positive,Low Leverage,Moderate Growth,Balanced Cash Flow Signals,Strong Positive,10,87.5,BUY,Low Risk,High Priority,Strong overall investment signals; Strong financial signal balance; Low leverage; Moderate growth
LICI,11,5,6,Strong Positive,Low Leverage,Moderate Growth,Balanced Cash Flow Signals,Strong Positive,10,87.5,BUY,Low Risk,High Priority,Strong overall investment signals; Strong financial signal balance; Low leverage; Moderate growth
EICHERMOT,10,4,6,Strong Positive,Low Leverage,Moderate Growth,Balanced Cash Flow Signals,Strong Positive,10,87.5,BUY,Low Risk,High Priority,Strong overall investment signals; Strong financial signal balance; Low leverage; Moderate growth
TATAPOWER,10,5,5,Strong Positive,Moderate Leverage,High Growth,Positive Cash Flow Signals,Positive,9,83.33,BUY,Low Risk,High Priority,Positive overall investment signals; Strong financial signal balance; High growth; Positive cash-flow signals
PIDILITIND,9,5,4,Positive,Low Leverage,Moderate Growth,Positive Cash Flow Signals,Positive,9,83.33,BUY,Low Risk,High Priority,Positive overall investment signals; Positive financial signal balance; Low leverage; Moderate growth; Positive cash-flow signals
ADANIPORTS,8,4,4,Positive,Low Leverage,Moderate Growth,Positive Cash Flow Signals,Positive,9,83.33,BUY,Low Risk,High Priority,Positive overall investment signals; Positive financial signal balance; Low leverage; Moderate growth; Positive cash-flow signals
INFY,8,4,4,Positive,Low Leverage,Moderate Growth,Positive Cash Flow Signals,Positive,9,83.33,BUY,Low Risk,High Priority,Positive overall investment signals; Positive financial signal balance; Low leverage; Moderate growth; Positive cash-flow signals
GAIL,7,3,4,Positive,Low Leverage,Moderate Growth,Positive Cash Flow Signals,Positive,9,83.33,BUY,Low Risk,High Priority,Positive overall investment signals; Positive financial signal balance; Low leverage; Moderate growth; Positive cash-flow signals
ULTRACEMCO,8,5,3,Positive,Low Leverage,Moderate Growth,Positive Cash Flow Signals,Positive,9,83.33,BUY,Low Risk,High Priority,Positive overall investment signals; Positive financial signal balance; Low leverage; Moderate growth; Positive cash-flow signals
HAL,11,6,5,Strong Positive,Low Leverage,Moderate Growth,Negative Cash Flow Signals,Strong Positive,8,79.17,BUY,Moderate Risk,Medium Priority,Strong overall investment signals; Strong financial signal balance; Low leverage; Moderate growth; Negative cash-flow signals
TATAMOTORS,9,4,5,Strong Positive,Moderate Leverage,Moderate Growth,Positive Cash Flow Signals,Positive,8,79.17,BUY,Low Risk,High Priority,Positive overall investment signals; Strong financial signal balance; Moderate growth; Positive cash-flow signals
SHREECEM,7,3,4,Positive,Low Leverage,Mixed Growth,Positive Cash Flow Signals,Positive,8,79.17,BUY,Low Risk,High Priority,Positive overall investment signals; Positive financial signal balance; Low leverage; Positive cash-flow signals
DMART,7,4,3,Positive,Low Leverage,High Growth,Balanced Cash Flow Signals,Positive,8,79.17,BUY,Low Risk,High Priority,Positive overall investment signals; Positive financial signal balance; Low leverage; High growth
AMBUJACEM,7,5,2,Positive,Low Leverage,Mixed Growth,Positive Cash Flow Signals,Positive,8,79.17,BUY,Low Risk,High Priority,Positive overall investment signals; Positive financial signal balance; Low leverage; Positive cash-flow signals
POWERGRID,10,5,5,Strong Positive,Moderate Leverage,Mixed Growth,Positive Cash Flow Signals,Positive,7,75.0,HOLD,Low Risk,Medium Priority,Positive overall investment signals; Strong financial signal balance; Positive cash-flow signals
NHPC,9,5,4,Positive,Low Leverage,Low Growth,Positive Cash Flow Signals,Positive,7,75.0,HOLD,Low Risk,Medium Priority,Positive overall investment signals; Positive financial signal balance; Low leverage; Low growth; Positive cash-flow signals
SIEMENS,8,5,3,Positive,Low Leverage,Moderate Growth,Balanced Cash Flow Signals,Positive,7,75.0,HOLD,Low Risk,Medium Priority,Positive overall investment signals; Positive financial signal balance; Low leverage; Moderate growth
NTPC,7,4,3,Positive,Moderate Leverage,Moderate Growth,Positive Cash Flow Signals,Positive,7,75.0,HOLD,Low Risk,Medium Priority,Positive overall investment signals; Positive financial signal balance; Moderate growth; Positive cash-flow signals
HAVELLS,8,6,2,Positive,Low Leverage,Moderate Growth,Balanced Cash Flow Signals,Positive,7,75.0,HOLD,Low Risk,Medium Priority,Positive overall investment signals; Positive financial signal balance; Low leverage; Moderate growth
HDFCLIFE,8,6,2,Positive,Low Leverage,Moderate Growth,Balanced Cash Flow Signals,Positive,7,75.0,HOLD,Low Risk,Medium Priority,Positive overall investment signals; Positive financial signal balance; Low leverage; Moderate growth
SBILIFE,8,6,2,Positive,Low Leverage,Moderate Growth,Balanced Cash Flow Signals,Positive,7,75.0,HOLD,Low Risk,Medium Priority,Positive overall investment signals; Positive financial signal balance; Low leverage; Moderate growth
ATGL,3,1,2,Positive,Low Leverage,Moderate Growth,Balanced Cash Flow Signals,Positive,7,75.0,HOLD,Low Risk,Medium Priority,Positive overall investment signals; Positive financial signal balance; Low leverage; Moderate growth
TRENT,10,6,4,Positive,Low Leverage,High Growth,Negative Cash Flow Signals,Positive,6,70.83,HOLD,Moderate Risk,Medium Priority,Positive overall investment signals; Positive financial signal balance; Low leverage; High growth; Negative cash-flow signals
BAJAJHLDNG,9,6,3,Positive,Low Leverage,High Growth,Negative Cash Flow Signals,Positive,6,70.83,HOLD,Moderate Risk,Medium Priority,Positive overall investment signals; Positive financial signal balance; Low leverage; High growth; Negative cash-flow signals
TITAN,8,5,3,Positive,Moderate Leverage,High Growth,Balanced Cash Flow Signals,Positive,6,70.83,HOLD,Moderate Risk,Medium Priority,Positive overall investment signals; Positive financial signal balance; High growth
JIOFIN,7,4,3,Positive,Low Leverage,Mixed Growth,Balanced Cash Flow Signals,Positive,6,70.83,HOLD,Low Risk,Medium Priority,Positive overall investment signals; Positive financial signal balance; Low leverage
LODHA,10,8,2,Positive,Low Leverage,Moderate Growth,Negative Cash Flow Signals,Positive,5,66.67,HOLD,Moderate Risk,Medium Priority,Positive overall investment signals; Positive financial signal balance; Low leverage; Moderate growth; Negative cash-flow signals
ICICIPRULI,8,6,2,Positive,Low Leverage,Moderate Growth,Negative Cash Flow Signals,Positive,5,66.67,HOLD,Moderate Risk,Medium Priority,Positive overall investment signals; Positive financial signal balance; Low leverage; Moderate growth; Negative cash-flow signals
INDIGO,8,6,2,Positive,Low Leverage,Moderate Growth,Negative Cash Flow Signals,Positive,5,66.67,HOLD,Moderate Risk,Medium Priority,Positive overall investment signals; Positive financial signal balance; Low leverage; Moderate growth; Negative cash-flow signals
UNIONBANK,8,6,2,Positive,High Leverage,Moderate Growth,Positive Cash Flow Signals,Positive,5,66.67,HOLD,Moderate Risk,Medium Priority,Positive overall investment signals; Positive financial signal balance; High leverage; Moderate growth; Positive cash-flow signals
ICICIBANK,11,9,2,Positive,High Leverage,High Growth,Balanced Cash Flow Signals,Positive,4,62.5,HOLD,Moderate Risk,Medium Priority,Positive overall investment signals; Positive financial signal balance; High leverage; High growth
ADANIENT,8,6,2,Positive,Moderate Leverage,High Growth,Negative Cash Flow Signals,Positive,4,62.5,HOLD,Moderate Risk,Medium Priority,Positive overall investment signals; Positive financial signal balance; High growth; Negative cash-flow signals
RELIANCE,5,4,1,Balanced,Low Leverage,Moderate Growth,Balanced Cash Flow Signals,Balanced,3,58.33,HOLD,Moderate Risk,Medium Priority,Balanced investment signals; Low leverage; Moderate growth
LT,7,7,0,Balanced,Low Leverage,Moderate Growth,Balanced Cash Flow Signals,Balanced,3,58.33,HOLD,Moderate Risk,Medium Priority,Balanced investment signals; Low leverage; Moderate growth
TATASTEEL,5,6,-1,Balanced,Low Leverage,Moderate Growth,Balanced Cash Flow Signals,Balanced,3,58.33,HOLD,Moderate Risk,Medium Priority,Balanced investment signals; Low leverage; Moderate growth
JINDALSTEL,6,6,0,Balanced,Low Leverage,Mixed Growth,Balanced Cash Flow Signals,Balanced,2,54.17,AVOID,Moderate Risk,Low Priority,Balanced investment signals; Low leverage
BEL,8,7,1,Balanced,Low Leverage,Moderate Growth,Negative Cash Flow Signals,Balanced,1,50.0,AVOID,Moderate Risk,Low Priority,Balanced investment signals; Low leverage; Moderate growth; Negative cash-flow signals
CANBK,7,6,1,Balanced,High Leverage,Moderate Growth,Positive Cash Flow Signals,Balanced,1,50.0,AVOID,Moderate Risk,Low Priority,Balanced investment signals; High leverage; Moderate growth; Positive cash-flow signals
JSWENERGY,7,6,1,Balanced,Moderate Leverage,Moderate Growth,Balanced Cash Flow Signals,Balanced,1,50.0,AVOID,Moderate Risk,Low Priority,Balanced investment signals; Moderate growth
NAUKRI,7,7,0,Balanced,Low Leverage,Moderate Growth,Negative Cash Flow Signals,Balanced,1,50.0,AVOID,Moderate Risk,Low Priority,Balanced investment signals; Low leverage; Moderate growth; Negative cash-flow signals
DLF,7,8,-1,Balanced,Low Leverage,Mixed Growth,Negative Cash Flow Signals,Balanced,0,45.83,AVOID,Moderate Risk,Low Priority,Balanced investment signals; Low leverage; Negative cash-flow signals
BHARTIARTL,6,5,1,Balanced,High Leverage,Moderate Growth,Balanced Cash Flow Signals,Balanced,-1,41.67,AVOID,High Risk,Low Priority,Balanced investment signals; High leverage; Moderate growth
IRFC,7,7,0,Balanced,High Leverage,Moderate Growth,Balanced Cash Flow Signals,Balanced,-1,41.67,AVOID,High Risk,Low Priority,Balanced investment signals; High leverage; Moderate growth
JSWSTEEL,5,6,-1,Balanced,Moderate Leverage,Moderate Growth,Negative Cash Flow Signals,Balanced,-1,41.67,AVOID,High Risk,Low Priority,Balanced investment signals; Moderate growth; Negative cash-flow signals
TVSMOTOR,7,6,1,Balanced,High Leverage,High Growth,Negative Cash Flow Signals,Balanced,-2,37.5,AVOID,High Risk,Low Priority,Balanced investment signals; High leverage; High growth; Negative cash-flow signals
HDFCBANK,7,7,0,Balanced,High Leverage,High Growth,Negative Cash Flow Signals,Balanced,-2,37.5,AVOID,High Risk,Low Priority,Balanced investment signals; High leverage; High growth; Negative cash-flow signals
PNB,8,9,-1,Balanced,High Leverage,High Growth,Negative Cash Flow Signals,Balanced,-2,37.5,AVOID,High Risk,Low Priority,Balanced investment signals; High leverage; High growth; Negative cash-flow signals
RECLTD,8,7,1,Balanced,High Leverage,Moderate Growth,Negative Cash Flow Signals,Balanced,-3,33.33,AVOID,High Risk,Low Priority,Balanced investment signals; High leverage; Moderate growth; Negative cash-flow signals
BANKBARODA,8,8,0,Balanced,High Leverage,Moderate Growth,Negative Cash Flow Signals,Balanced,-3,33.33,AVOID,High Risk,Low Priority,Balanced investment signals; High leverage; Moderate growth; Negative cash-flow signals
KOTAKBANK,7,8,-1,Balanced,High Leverage,Moderate Growth,Negative Cash Flow Signals,Balanced,-3,33.33,AVOID,High Risk,Low Priority,Balanced investment signals; High leverage; Moderate growth; Negative cash-flow signals
ADANIGREEN,5,6,-1,Balanced,High Leverage,Moderate Growth,Negative Cash Flow Signals,Balanced,-3,33.33,AVOID,High Risk,Low Priority,Balanced investment signals; High leverage; Moderate growth; Negative cash-flow signals
GODREJCP,5,7,-2,Negative,Low Leverage,Mixed Growth,Negative Cash Flow Signals,Negative,-7,16.67,AVOID,High Risk,Low Priority,Negative overall investment signals; Negative financial signal balance; Low leverage; Negative cash-flow signals
BHEL,5,8,-3,Negative,Low Leverage,Mixed Growth,Negative Cash Flow Signals,Negative,-7,16.67,AVOID,High Risk,Low Priority,Negative overall investment signals; Negative financial signal balance; Low leverage; Negative cash-flow signals
M&M,3,6,-3,Negative,Moderate Leverage,Moderate Growth,Negative Cash Flow Signals,Negative,-8,12.5,AVOID,High Risk,Low Priority,Negative overall investment signals; Negative financial signal balance; Moderate growth; Negative cash-flow signals
GRASIM,4,8,-4,Negative,Moderate Leverage,Moderate Growth,Negative Cash Flow Signals,Negative,-8,12.5,AVOID,High Risk,Low Priority,Negative overall investment signals; Negative financial signal balance; Moderate growth; Negative cash-flow signals
BAJFINANCE,8,10,-2,Negative,High Leverage,High Growth,Negative Cash Flow Signals,Negative,-9,8.33,AVOID,High Risk,Low Priority,Negative overall investment signals; Negative financial signal balance; High leverage; High growth; Negative cash-flow signals
CHOLAFIN,8,10,-2,Negative,High Leverage,High Growth,Negative Cash Flow Signals,Negative,-9,8.33,AVOID,High Risk,Low Priority,Negative overall investment signals; Negative financial signal balance; High leverage; High growth; Negative cash-flow signals
BAJAJFINSV,7,10,-3,Negative,High Leverage,High Growth,Negative Cash Flow Signals,Negative,-9,8.33,AVOID,High Risk,Low Priority,Negative overall investment signals; Negative financial signal balance; High leverage; High growth; Negative cash-flow signals
SHRIRAMFIN,6,9,-3,Negative,High Leverage,High Growth,Negative Cash Flow Signals,Negative,-9,8.33,AVOID,High Risk,Low Priority,Negative overall investment signals; Negative financial signal balance; High leverage; High growth; Negative cash-flow signals
ADANIENSOL,4,6,-2,Negative,High Leverage,Moderate Growth,Negative Cash Flow Signals,Negative,-10,4.17,AVOID,High Risk,Low Priority,Negative overall investment signals; Negative financial signal balance; High leverage; Moderate growth; Negative cash-flow signals
AXISBANK,6,9,-3,Negative,High Leverage,Moderate Growth,Negative Cash Flow Signals,Negative,-10,4.17,AVOID,High Risk,Low Priority,Negative overall investment signals; Negative financial signal balance; High leverage; Moderate growth; Negative cash-flow signals
PFC,6,9,-3,Negative,High Leverage,Moderate Growth,Negative Cash Flow Signals,Negative,-10,4.17,AVOID,High Risk,Low Priority,Negative overall investment signals; Negative financial signal balance; High leverage; Moderate growth; Negative cash-flow signals
INDUSINDBK,5,8,-3,Negative,High Leverage,Moderate Growth,Negative Cash Flow Signals,Negative,-10,4.17,AVOID,High Risk,Low Priority,Negative overall investment signals; Negative financial signal balance; High leverage; Moderate growth; Negative cash-flow signals
